-- ============================================================
--  AUTO REPAIR SHOP — TEST DATA
--  Запускать после: 1_ddl.sql, 2_fk_rules.sql, 3_triggers.sql
--  Database: PostgreSQL
-- ============================================================

SET search_path TO public;


-- ============================================================
--  НЕЗАВИСИМЫЕ ТАБЛИЦЫ
-- ============================================================

INSERT INTO person (id, last_name, first_name, middle_name, birth_date, city, district, street, building, flat_number) VALUES
('12345678901', 'Петров',   'Иван',    'Сергеевич',    '1985-03-12', 'Москва',          'Центральный',      'Ленина',     '14', '42'),
('23456789012', 'Сидорова', 'Мария',   'Алексеевна',   '1990-07-24', 'Москва',          'Центральный',      'Ленина',     '14', '43'),
('34567890123', 'Козлов',   'Алексей', 'Иванович',     '1978-11-05', 'Москва',          'Северный',         'Мира',       '7',  '15'),
('45678901234', 'Волков',   'Дмитрий', 'Павлович',     '1992-04-18', 'Москва',          'Центральный',      'Советская',  '3',  '8' ),
('56789012345', 'Иванов',   'Сергей',  'Михайлович',   '1988-09-30', 'Москва',          'Центральный',      'Гагарина',   '21', '5' ),
('67890123456', 'Смирнова', 'Анна',    'Дмитриевна',   '1995-01-14', 'Москва',          'Восточный',        'Пушкина',    '9',  '31'),
('78901234567', 'Кузнецов', 'Павел',   'Андреевич',    '1983-06-22', 'Москва',          'Южный',            'Садовая',    '18', '2' ),
('89012345678', 'Попова',   'Елена',   'Николаевна',   '1991-12-03', 'Москва',          'Западный',         'Лесная',     '5',  '17'),
('90123456789', 'Соколов',  'Михаил',  'Юрьевич',      '1979-08-17', 'Москва',          'Северный',         'Речная',     '33', '90'),
('01234567890', 'Лебедева', 'Ольга',   'Сергеевна',    '1987-02-28', 'Москва',          'Центральный',      'Кирова',     '11', '4' ),
('11234567890', 'Козлов',   'Андрей',  'Викторович',   '1994-05-09', 'Москва',          'Восточный',        'Победы',     '26', '55'),
('22345678901', 'Новикова', 'Татьяна', 'Ивановна',     '1986-10-11', 'Москва',          'Южный',            'Молодёжная', '8',  '12'),
('33456789012', 'Морозов',  'Николай', 'Александрович','1975-03-25', 'Санкт-Петербург', 'Василеостровский', 'Большой',    '45', '3' ),
('44567890123', 'Волкова',  'Юлия',    'Сергеевна',    '1998-07-07', 'Москва',          'Северный',         'Зелёная',    '2',  '28'),
('55678901234', 'Зайцев',   'Виктор',  'Олегович',     '1989-11-19', 'Санкт-Петербург', 'Василеостровский', 'Малый',      '12', '7' );

INSERT INTO machinery_company (id, name) VALUES
(1, 'Toyota'),
(2, 'BMW'),
(3, 'Mercedes-Benz'),
(4, 'Ford'),
(5, 'Tesla');

INSERT INTO supplier (id, name, contact_phone) VALUES
(1, 'Bosch',              '+74951234567'),
(2, 'Febi Bilstein',      '+74952345678'),
(3, 'Brembo',             '+74953456789'),
(4, 'Denso',              '+74954567890'),
(5, 'Tesla Parts Direct', '+74955678901');

INSERT INTO detail (id, part_number, name, description) VALUES
(1,  'BSD001',    'Тормозной диск передний',      'Вентилируемый, диаметр 280мм'),
(2,  'BPD001',    'Тормозные колодки передние',   'Комплект 4 шт'),
(3,  'OLF001',    'Масляный фильтр',              'Резьбовой, 3/4-16 UNF'),
(4,  'ARF001',    'Воздушный фильтр',             'Панельный'),
(5,  'SPK001',    'Свечи зажигания',              'Иридиевые, комплект 4 шт'),
(6,  'SHK001',    'Амортизатор передний',         'Газомасляный'),
(7,  'WBR001',    'Ступичный подшипник',           'Передний, двухрядный'),
(8,  'TBL001',    'Ремень ГРМ',                   'Зубчатый, 130 зубьев'),
(9,  'TSLBR001',  'Тормозной диск Tesla',         'Оригинальный, вентилируемый'),
(10, 'TSLBAT001', 'Модуль батареи (диагностика)', 'Оригинальный модуль 12В');

INSERT INTO auto_repair_shop (id, name) VALUES
(1, 'АвтоФикс'),
(2, 'МастерСервис');


-- ============================================================
--  VEHICLE MODELS & VEHICLES
-- ============================================================

INSERT INTO vehicle_model (id, company_id, name) VALUES
(1, 1, 'Camry'),
(2, 1, 'Corolla'),
(3, 2, '3 Series'),
(4, 2, 'X5'),
(5, 3, 'C-Class'),
(6, 4, 'Focus'),
(7, 5, 'Model X'),
(8, 5, 'Model 3');

INSERT INTO vehicle (VIN, owner_id, model_id, year, license_plate) VALUES
('1HGBH41JXMN109186', '12345678901', 1, 2020, 'А123ВС77'),  -- Иван,    Toyota Camry
('2T1BURHE0JC043821', '67890123456', 3, 2019, 'В456ГД77'),  -- Анна,    BMW 3 Series
('1FADP3F28DL235478', '78901234567', 6, 2018, 'Е789ЖЗ77'),  -- Павел,   Ford Focus
('WDDGF4HB8CA578432', '89012345678', 5, 2021, 'К012МН77'),  -- Елена,   Mercedes C-Class
('2T1KR32E15C403203', '90123456789', 2, 2017, 'Р345СТ77'),  -- Михаил,  Toyota Corolla
('WBANU31060CT03510', '01234567890', 4, 2022, 'У678ФХ77'),  -- Ольга,   BMW X5
('5YJXCAE26GF012345', '11234567890', 7, 2021, 'Х901ЦЧ77'),  -- Андрей,  Tesla Model X
('4T1BF3EK7AU128828', '22345678901', 1, 2019, 'Ш234ЩЪ77'),  -- Татьяна, Toyota Camry
('1FAFP34N67W200907', '33456789012', 6, 2018, 'Ы567ЬЭ78'),  -- Николай, Ford Focus
('5YJ3E1EA8JF006789', '44567890123', 8, 2023, 'Ю890ЯА77');  -- Юлия,    Tesla Model 3


-- ============================================================
--  DETAIL COMPATIBILITY
-- ============================================================

INSERT INTO detail_compatibility (detail_id, model_id) VALUES
(1, 1), (1, 2), (1, 3), (1, 4), (1, 5), (1, 6),
(2, 1), (2, 2), (2, 3), (2, 4), (2, 5), (2, 6),
(3, 1), (3, 2), (3, 3), (3, 6),
(4, 1), (4, 2), (4, 3), (4, 4), (4, 5), (4, 6),
(5, 1), (5, 2), (5, 3), (5, 6),
(6, 1), (6, 2), (6, 3), (6, 5), (6, 6),
(7, 1), (7, 2), (7, 3), (7, 4), (7, 5), (7, 6),
(8, 1), (8, 2), (8, 6),
(9, 7), (9, 8),
(10, 7), (10, 8);


-- ============================================================
--  DETAIL SUPPLIER
-- ============================================================

INSERT INTO detail_supplier (detail_id, supplier_id, unit_price, is_original) VALUES
(1,  1,  5000.00, false),
(1,  3,  7000.00, false),
(2,  1,  2500.00, false),
(2,  3,  4000.00, false),
(3,  1,   800.00, false),
(3,  4,   600.00, false),
(4,  1,  1200.00, false),
(4,  2,   900.00, false),
(5,  4,  1800.00, false),
(5,  1,  2200.00, false),
(6,  2,  8000.00, false),
(7,  2,  3500.00, false),
(7,  1,  4000.00, false),
(8,  2,  2800.00, false),
(9,  5, 15000.00, true ),
(10, 5, 50000.00, true );


-- ============================================================
--  BRANCHES
-- ============================================================

INSERT INTO auto_repair_shop_branch (id, shop_id, branch_number, city, district, street, building) VALUES
(1, 1, 1, 'Москва',          'Центральный',      'Ленина',  '5' ),
(2, 1, 2, 'Москва',          'Северный',         'Мира',    '12'),
(3, 2, 1, 'Санкт-Петербург', 'Василеостровский', 'Большой', '33');


-- ============================================================
--  EMPLOYEES
-- ============================================================

INSERT INTO employee (id, person_id, branch_id, salary, date_of_employment) VALUES
(1, '34567890123', 1, 90000.00, '2020-01-15'),  -- Алексей  → филиал 1
(2, '45678901234', 1, 65000.00, '2021-03-01'),  -- Дмитрий  → филиал 1
(3, '56789012345', 1, 62000.00, '2022-06-15'),  -- Сергей   → филиал 1
(4, '33456789012', 2, 85000.00, '2019-08-01'),  -- Николай  → филиал 2
(5, '55678901234', 2, 68000.00, '2021-11-20');  -- Виктор   → филиал 2

UPDATE auto_repair_shop_branch SET manager_id = 1 WHERE id = 1;
UPDATE auto_repair_shop_branch SET manager_id = 4 WHERE id = 2;

INSERT INTO mechanic (id, specialty, rank) VALUES
(2, 'Тормозная система',       5),
(3, 'Ходовая часть',           4),
(5, 'Электрика и электроника', 6);


-- ============================================================
--  CLIENTS
-- ============================================================

INSERT INTO client (person_id, registration_date) VALUES
('12345678901', '2024-01-10'),  -- id=1  Иван
('23456789012', '2024-01-15'),  -- id=2  Мария
('67890123456', '2024-02-01'),  -- id=3  Анна
('78901234567', '2024-02-15'),  -- id=4  Павел     (фамилия К%)
('89012345678', '2024-03-01'),  -- id=5  Елена
('90123456789', '2024-03-10'),  -- id=6  Михаил
('01234567890', '2024-03-20'),  -- id=7  Ольга
('11234567890', '2024-04-01'),  -- id=8  Андрей    (фамилия К%)
('22345678901', '2024-04-15'),  -- id=9  Татьяна
('44567890123', '2024-05-01');  -- id=10 Юлия


-- ============================================================
--  INVENTORY
-- ============================================================

INSERT INTO inventory (branch_id, detail_id, quantity) VALUES
(1, 1,  5),   -- id=1  филиал 1 — тормозной диск
(1, 2,  8),   -- id=2  филиал 1 — тормозные колодки
(1, 3,  15),  -- id=3  филиал 1 — масляный фильтр
(1, 4,  10),  -- id=4  филиал 1 — воздушный фильтр
(1, 5,  6),   -- id=5  филиал 1 — свечи зажигания
(1, 6,  3),   -- id=6  филиал 1 — амортизатор
(1, 7,  4),   -- id=7  филиал 1 — ступичный подшипник
(1, 8,  2),   -- id=8  филиал 1 — ремень ГРМ
(2, 1,  3),   -- id=9  филиал 2 — тормозной диск
(2, 6,  2),   -- id=10 филиал 2 — амортизатор
(2, 9,  4),   -- id=11 филиал 2 — тормозной диск Tesla
(2, 10, 1),   -- id=12 филиал 2 — модуль батареи Tesla   ← никогда не используется в услугах (запрос 9)
(3, 3,  20),  -- id=13 филиал 3 — масляный фильтр
(3, 4,  12);  -- id=14 филиал 3 — воздушный фильтр


-- ============================================================
--  BRANCH BUDGET
-- ============================================================

INSERT INTO branch_budget (branch_id, balance) VALUES
(1, 0.00),
(2, 0.00),
(3, 0.00);


-- ============================================================
--  REQUESTS
-- ============================================================

INSERT INTO request (client_id, branch_id, VIN, description, request_date, status) VALUES
(1, 1, '1HGBH41JXMN109186', 'Скрипят тормоза при торможении',        '2024-03-15', 'completed'),    -- id=1
(2, 1, '1HGBH41JXMN109186', 'Плановое ТО, замена фильтров',          '2024-04-01', 'completed'),    -- id=2
(3, 1, '2T1BURHE0JC043821', 'Скрипят тормоза, нужна диагностика',    '2024-04-10', 'completed'),    -- id=3
(4, 1, '1FADP3F28DL235478', 'Стук в двигателе, замена ремня ГРМ',    '2024-04-20', 'completed'),    -- id=4
(5, 1, 'WDDGF4HB8CA578432', 'Пробит амортизатор, машину ведёт',      '2024-05-01', 'in_progress'),  -- id=5
(6, 1, '2T1KR32E15C403203', 'ТО: масло + подшипник',                 '2024-05-05', 'completed'),    -- id=6
(7, 2, 'WBANU31060CT03510', 'Замена тормозных дисков BMW X5',         '2024-05-10', 'in_progress'),  -- id=7
(8, 2, '5YJXCAE26GF012345', 'Замена тормозных дисков Tesla Model X', '2024-05-15', 'completed'),    -- id=8
(9, 1, '4T1BF3EK7AU128828', 'Плановый осмотр перед летом',           '2024-05-20', 'pending'),      -- id=9
(10,2, '5YJ3E1EA8JF006789', 'Диагностика тормозной системы',         '2024-05-25', 'pending');      -- id=10


-- ============================================================
--  WORK ORDERS
-- ============================================================

INSERT INTO work_order (request_id, date_of_assignment, completion_date) VALUES
(1, '2024-03-15', '2024-03-16'),  -- id=1
(2, '2024-04-01', '2024-04-02'),  -- id=2
(3, '2024-04-10', '2024-04-11'),  -- id=3
(4, '2024-04-20', '2024-04-21'),  -- id=4
(5, '2024-05-01', NULL),          -- id=5  в процессе
(6, '2024-05-05', '2024-05-07'),  -- id=6
(7, '2024-05-10', NULL),          -- id=7  в процессе
(8, '2024-05-15', '2024-05-16');  -- id=8


-- ============================================================
--  SERVICES
-- ============================================================

INSERT INTO service (work_order_id, name, price) VALUES
(1, 'Замена тормозных дисков',        4500.00),  -- id=1
(1, 'Замена тормозных колодок',       2000.00),  -- id=2
(2, 'Замена масляного фильтра',        800.00),  -- id=3
(2, 'Замена воздушного фильтра',       600.00),  -- id=4
(3, 'Замена тормозных дисков',        5000.00),  -- id=5
(3, 'Замена свечей зажигания',        1500.00),  -- id=6
(4, 'Замена ремня ГРМ',              3500.00),  -- id=7
(5, 'Замена амортизаторов передних', 6000.00),  -- id=8
(6, 'Замена масляного фильтра',        800.00),  -- id=9
(6, 'Замена ступичного подшипника',  3000.00),  -- id=10
(7, 'Замена тормозных дисков',        5500.00),  -- id=11
(8, 'Замена тормозных дисков Tesla', 12000.00); -- id=12


-- ============================================================
--  EXECUTION
-- ============================================================

INSERT INTO execution (mechanic_id, service_id, date_start, date_end) VALUES
-- Дмитрий (id=2) — тормозная система
(2, 1,  '2024-03-15', '2024-03-15'),
(2, 2,  '2024-03-16', '2024-03-16'),
(2, 5,  '2024-04-10', '2024-04-10'),
(2, 11, '2024-05-10', '2024-05-11'),
-- Сергей (id=3) — ходовая часть
(3, 3,  '2024-04-01', '2024-04-01'),
(3, 4,  '2024-04-02', '2024-04-02'),
(3, 7,  '2024-04-20', '2024-04-21'),
(3, 8,  '2024-05-01', '2024-05-02'),
(3, 9,  '2024-05-06', '2024-05-06'),
(3, 10, '2024-05-07', '2024-05-07'),
-- Виктор (id=5) — электрика
(5, 6,  '2024-04-11', '2024-04-11'),
(5, 12, '2024-05-15', '2024-05-16');


-- ============================================================
--  DETAIL USAGE
-- ============================================================

INSERT INTO detail_usage (service_id, inventory_id, quantity) VALUES
(1,  1,  2),  -- диски        → Toyota Camry
(2,  2,  1),  -- колодки      → Toyota Camry
(3,  3,  1),  -- масл. фильтр → Toyota Camry
(4,  4,  1),  -- возд. фильтр → Toyota Camry
(5,  1,  2),  -- диски        → BMW 3 Series
(6,  5,  1),  -- свечи        → BMW 3 Series
(7,  8,  1),  -- ремень ГРМ   → Ford Focus
(8,  6,  2),  -- амортизатор  → Mercedes C-Class
(9,  3,  1),  -- масл. фильтр → Toyota Corolla
(10, 7,  1),  -- подшипник    → Toyota Corolla
(11, 9,  2),  -- диски        → BMW X5
(12, 11, 2);  -- Tesla диски  → Tesla Model X
-- inventory_id=12 (TSLBAT001) намеренно не используется → нужен для запроса 9


-- ============================================================
--  INVOICES
-- ============================================================

INSERT INTO invoice (request_id, issued_date, due_date, status) VALUES
(1, '2024-03-16', '2024-03-23', 'paid'),   -- id=1  Иван
(2, '2024-04-02', '2024-04-09', 'paid'),   -- id=2  Мария
(3, '2024-04-11', '2024-04-18', 'paid'),   -- id=3  Анна
(4, '2024-04-21', '2024-04-28', 'paid'),   -- id=4  Павел
(6, '2024-05-07', '2024-05-14', 'paid'),   -- id=5  Михаил
(8, '2024-05-16', '2024-05-23', 'paid');   -- id=6  Андрей


-- ============================================================
--  PAYMENTS
-- ============================================================

INSERT INTO payment (invoice_id, amount, payment_date, payment_method) VALUES
(1, 6500.00,  '2024-03-16', 'card'),           -- Иван
(2,  700.00,  '2024-04-02', 'cash'),           -- Мария, часть 1
(2,  700.00,  '2024-04-05', 'cash'),           -- Мария, часть 2
(3, 6500.00,  '2024-04-11', 'card'),           -- Анна
(4, 3500.00,  '2024-04-21', 'bank_transfer'),  -- Павел
(5, 3800.00,  '2024-05-07', 'card'),           -- Михаил
(6, 12000.00, '2024-05-16', 'card');           -- Андрей


-- ============================================================
--  DETAIL ORDERS
-- ============================================================

INSERT INTO detail_order (branch_id, supplier_id, detail_id, quantity, order_date, status) VALUES
(1, 1, 1,  4, '2024-05-17', 'pending'),   -- Bosch       → диски,         филиал 1
(1, 2, 6,  5, '2024-05-17', 'pending'),   -- Febi        → амортизаторы,  филиал 1
(2, 5, 9,  6, '2024-05-18', 'pending'),   -- Tesla Parts → Tesla диски,   филиал 2
(1, 4, 3, 20, '2024-05-18', 'pending');   -- Denso       → масл. фильтры, филиал 1

-- подтверждаем первый заказ: 4 * 5000 = 20000 ≤ баланс филиала 1 (21700)
UPDATE detail_order SET status = 'confirmed' WHERE id = 1;